Stations,Latitude,Longitude,Altitude,Country,City,Camera,Switch,Status,Last seen
ATWI01,48.20525,16.359753,180,Austria,Wien,DMK 23G445,TL-SG2210P,Operational,29/01/2021 16:31
AUPE01,-32.007267,115.894755,30,Australia,Perth,DMK 23G445,TL-SG2210P,Pending,31/07/2020 12:00
AUPE02,-999.9,-999.9,-999.9,Australia,Zadko,DMK 23G445,TL-SG2210P,Pending,31/07/2020 12:00
BEBR01,50.79672778,4.357075,114,Belgium,Bruxelles,DMK 23G445,TL-SG2210P,Operational,28/01/2021 05:50
BEWA01,50.582574,5.566677,240,Belgium,Liege,BASLER 1300gm,TL-SG2210P,Operational,25/01/2021 21:07
BRRJ01,-22.8955612,-43.223311,50,Brazil,RiodeJaneiro,DMK 23G445,DG-108PE,Production,31/07/2020 12:00
CAQC01,45.560745,-73.550401,30,Canada,Montreal,BASLER 1300gm,T1500G-10PS,Operational,28/01/2021 22:48
CAQC02,45.493749,-72.3112589,-999.9,Canada,ValSaintFrancois,BASLER 1300gm,T1500G-10PS,NotOperational,31/07/2020 12:00
CAQC03,46.249248,-72.949033,-999.9,Canada,Louiseville,BASLER 1300gm,T1500G-10PS,NotOperational,31/07/2020 12:00
CAQC04,45.66037,-74.937772,70,Canada,Montebello,BASLER 1300gm,T1500G-10PS,Operational,29/01/2021 09:39
CAQC05,45.455704,-71.152584,1110,Canada,ObservatoireMontMegantic,BASLER 1300gm,T1500G-10PS,Production,31/07/2020 12:00
CAQC06,46.030661,-74.207169,-999.9,Canada,ValDavid,BASLER 1300gm,T1500G-10PS,NotOperational,31/07/2020 12:00
CAQC08,-999.9,-999.9,-999.9,Canada,Frelighsburg,None,TL-SG2210P,NotOperational,31/07/2020 12:00
CAWO01,-999.9,-999.9,-999.9,Canada,Londonontario,DMK 23G445,DG-108PE,NotOperational,31/07/2020 12:00
CHJU01,47.351819,7.420632,600,Switzerland,Vicques,DMK 23G445,TL-SG2210P,Operational,26/01/2021 16:58
CHVA01,46.22834718,7.61258349,2200,Switzerland,SaintLuc,BASLER 1300gm,T1500G-10PS,Production,31/07/2020 12:00
CLAN01,-24.6156,-70.3904,2518,Chile,Paranal,DMK 23G445,T1500G-10PS,Operational,29/01/2021 09:42
CLAN02,-999.9,-999.9,-999.9,Chile,Ckoiraima,None,TL-SG2210P,NotOperational,31/07/2020 12:00
CLAN03,-999.9,-999.9,-999.9,Chile,SanPedro,None,TL-SG2210P,NotOperational,31/07/2020 12:00
CLAN04,-999.9,-999.9,-999.9,Chile,Peine,None,TL-SG2210P,NotOperational,31/07/2020 12:00
CLAN05,-999.9,-999.9,-999.9,Chile,Baquedano,None,TL-SG2210P,NotOperational,31/07/2020 12:00
CLAN06,-999.9,-999.9,-999.9,Chile,Chiuchiu,None,TL-SG2210P,NotOperational,31/07/2020 12:00
CLCO01,-999.9,-999.9,-999.9,Chile,LaSilla,None,TL-SG2210P,NotOperational,31/07/2020 12:00
CLCO02,-999.9,-999.9,-999.9,Chile,Totolo,None,TL-SG2210P,NotOperational,31/07/2020 12:00
CLCO03,-999.9,-999.9,-999.9,Chile,Janus,None,TL-SG2210P,NotOperational,31/07/2020 12:00
DEBB01,52.495,12.6312777,40,Germany,Ketzur,DMK 23G445,TL-SG2210P,Operational,29/01/2021 17:12
DEBW01,-999.9,-999.9,-999.9,Germany,Stuttgart,None,TL-SG2210P,NotOperational,31/07/2020 12:00
DEBW02,-999.9,-999.9,-999.9,Germany,WeilderStadt,None,TL-SG2210P,NotOperational,31/07/2020 12:00
DEBY01,48.853913,10.486876,-999.9,Germany,Nordlingen,DMK 23G445,DG-108PE,NotOperational,31/07/2020 12:00
DEBY02,48.545182,11.720225,460,Germany,Seysdorf,DMK 23G445,TL-SG2210P,Operational,28/01/2021 22:53
DEBY03,48.823929,13.758098,-999.9,Germany,Haidmuhle,BASLER 1300gm,TL-SG2210P,Pending,31/07/2020 12:00
DEMV01,53.220087,11.325483,68,Germany,Conow,BASLER 1300gm,T1500G-10PS,Operational,26/01/2021 22:55
DENI01,53.1529,8.1651,30,Germany,Oldenburg,DMK 23G445,TL-SG2210P,Production,21/09/2020 23:13
DENI03,53.773939,7.713935,10,Germany,Spiekeroog,DMK 23G445,T1500G-10PS,Operational,08/01/2021 16:19
DENI04,-999.9,-999.9,-999.9,Germany,Hannover,DMK 33GX273,TL-SG2210P,NotOperational,31/07/2020 12:00
DENW01,51.516789,8.747344,330,Germany,Furstenberg,BASLER 1300gm,T1500G-10PS,Operational,26/01/2021 16:47
DKSD01,54.908907,9.798961,30,Denmark,Sonderborg,BASLER 1300gm,T1500G-10PS,Operational,29/01/2021 06:02
ENGL01,51.637359,-0.169234,87,England,EastBarnet,BASLER 1300gm,TL-SG2210P,Production,21/10/2020 22:43
ENNI01,54.35235,-6.649632,75,England,Armagh,BASLER 1300gm,TL-SG2210P,Operational,28/01/2021 22:51
ENNW01,53.474365,-2.233606,70,England,Manchester,BASLER 1300gm,TL-SG2210P,Operational,29/01/2021 19:40
ENNW02,53.6390851,-2.1322892,177,England,Rochdale,BASLER 1300gm,T1500G-10PS,NotOperational,31/07/2020 12:00
ENSE01,51.5761,-1.30761,200,England,Harwell,BASLER 1300gm,TL-SG2210P,NotOperational,31/07/2020 12:00
ENSE02,51.2735,1.07208,21,England,Canterbury,BASLER 1300gm,TL-SG2210P,Operational,31/12/2020 19:46
ENSW01,50.801832,-3.184408,170,England,Honiton,DMK 23G445,TL-SG2210P,Operational,26/01/2021 00:33
ESCA01,42.024865,0.736836,820,Spain,Montsec,DMK 23G445,TL-SG2210P,Operational,29/01/2021 17:46
ESCA02,41.391765,2.119061,98,Spain,Barcelone,DMK 23G445,TL-SG2210P,Operational,20/01/2021 18:08
ESPV01,43.262257,-2.948512,60,Spain,Bilbao,BASLER 1300gm,T1500G-10PS,Operational,28/01/2021 05:17
FIUU01,-999.9,-999.9,-999.9,Finland,Helsinki,DMK 23G445,DG-108PE,NotOperational,31/07/2020 12:00
FRAL01,48.579825,7.762862,165,France,Strasbourg,BASLER 1300gm,TL-SG2210P,Operational,31/12/2020 23:14
FRAL02,47.99267,7.206581,471,France,Osenbach,DMK 23G445,TL-SG2210P,Operational,29/01/2021 18:26
FRAL03,48.982666,7.021394,229,France,Sarralbe,BASLER 1300gm,TL-SG2210P,Operational,29/01/2021 19:39
FRAL04,48.75633,7.567531,191,France,Hochfelden,DMK 23G445,TL-SG2210P,Operational,29/01/2021 18:47
FRAQ01,44.807851,-0.59296,48,France,Talence,DMK 23G445,TL-SG2210P,Production,31/07/2020 12:00
FRAQ02,44.149087,-0.746172,85,France,Sabres,DMK 23G445,TL-SG2210P,Production,31/07/2020 12:00
FRAQ03,43.37744,-1.7493242,87,France,Hendaye,BASLER 1300gm,TL-SG2210P,Production,31/07/2020 12:00
FRAQ04,43.693356,-1.030458,36,France,Dax,BASLER 1300gm,TL-SG2210P,Operational,28/01/2021 21:47
FRAQ05,42.974571,-0.741999,1687,France,Arette,DMK 23G445,T1500G-10PS,Operational,28/01/2021 01:46
FRAQ06,45.1549485,0.7066134,208,France,Coulounieix,DMK 23G445,TL-SG2210P,Production,31/07/2020 12:00
FRAQ07,44.687615,0.644886,113,France,Cavarc,DMK 23G445,TL-SG2210P,Production,31/07/2020 12:00
FRAU01,45.772129,2.964573,1465,France,PuydeDome,BASLER 1300gm,TL-SG2210P,Production,31/07/2020 12:00
FRAU02,45.133304,4.0548,961,France,SaintJulienduPinet,BASLER 1300gm,TL-SG2210P,Operational,29/01/2021 17:46
FRAU03,44.924888,2.43109,690,France,Aurillac,DMK 23G445,TL-SG2210P,Operational,29/01/2021 05:04
FRAU04,46.559871,3.319005,217,France,Moulins,BASLER 1300gm,TL-SG2210P,Operational,26/01/2021 21:00
FRBO01,47.312718,5.073255,285,France,Dijon,DMK 23G445,TL-SG2210P,Operational,29/01/2021 06:00
FRBO02,47.96888,3.50982,130,France,Migennes,BASLER 1300gm,TL-SG2210P,Production,31/07/2020 12:00
FRBO03,46.957773,4.029504,688,France,Glux,BASLER 1300gm,TL-SG2210P,Operational,16/01/2021 06:45
FRBO05,46.776202,4.857151,186,France,Chalon,DMK 23G445,TL-SG2210P,Operational,29/01/2021 04:02
FRBO06,47.864833,4.5771,222,France,Chatillon,BASLER 1300gm,TL-SG2210P,Production,31/07/2020 12:00
FRBR01,48.408671,-4.504642,66,France,Brest,DMK 23G445,TL-SG2210P,Operational,29/01/2021 19:01
FRBR02,48.105705,-1.674733,100,France,Rennes,DMK 23G445,TL-SG2210P,Operational,26/01/2021 18:45
FRBR03,48.783253,-3.527085,35,France,PleumeurBodou,DMK 23G445,TL-SG2210P,Production,21/06/2020 22:07
FRBR04,47.503369,-2.810623,58,France,Vannes,DMK 23G445,TL-SG2210P,Operational,29/01/2021 07:03
FRBR05,-999.9,-999.9,-999.9,France,Bangor,None,TL-SG2210P,Production,31/07/2020 12:00
FRBR06,-999.9,-999.9,-999.9,France,Pontivy,None,TL-SG2210P,NotOperational,31/07/2020 12:00
FRCA01,49.243267,4.067164,137,France,Reims,BASLER 1300gm,TL-SG2210P,Production,21/05/2020 23:47
FRCA02,48.616524,4.911772,141,France,Valcourt,BASLER 1300gm,TL-SG2210P,Operational,29/01/2021 19:25
FRCA03,49.738458,4.720703,187,France,Charleville,BASLER 1300gm,TL-SG2210P,Production,21/10/2020 23:50
FRCA04,48.270024,4.064624,132,France,Troyes,DMK 23G445,TL-SG2210P,Operational,29/01/2021 17:28
FRCE01,47.836332,1.943693,120,France,Orleans,DMK 23G445,TL-SG2210P,Operational,24/12/2020 04:41
FRCE02,47.367857,2.195688,136,France,Nancay,DMK 23G445,TL-SG2210P,Operational,26/01/2021 02:38
FRCE03,47.223431,0.832971,97,France,Tauxigny,DMK 23G445,TL-SG2210P,Production,31/07/2020 12:00
FRCE04,48.579869,1.532769,166,France,Pierres,DMK 23G445,TL-SG2210P,Operational,26/01/2021 19:54
FRCE06,46.52921,1.866338,280,France,LaChatre,DMK 23G445,DG-108PE,Moved,31/07/2020 12:00
FRCE07,46.52921,1.866338,280,France,StDenisDeJouhet,DMK 23G445,TL-SG2210P,Operational,28/01/2021 05:58
FRCO01,42.616786,9.479848,8,France,Biguglia,DMK 23G445,TL-SG2210P,Operational,29/01/2021 06:05
FRCO02,41.599753,9.27118,22,France,PortoVecchio,DMK 23G445,DG-108PE,Production,31/07/2020 12:00
FRCO03,41.878472,8.792768,100,France,Ajaccio,BASLER 1300gm,TL-SG2210P,Production,31/07/2020 12:00
FRCO04,41.907781,9.129093,685,France,Zicavo,BASLER 1300gm,T1500G-10PS,Operational,28/01/2021 05:52
FRFC01,47.24691,5.98941,311,France,Besancon,BASLER 1300gm,TL-SG2210P,Operational,19/01/2021 20:32
FRFC02,47.640847,6.865081,374,France,Belfort,BASLER 1300gm,TL-SG2210P,Operational,29/01/2021 18:11
FRFC03,46.9146134,6.351011,834,France,Pontarlier,BASLER 1300gm,TL-SG2210P,Operational,29/01/2021 17:16
FRFC04,46.397709,5.792866,590,France,SaintLupicin,BASLER 1300gm,TL-SG2210P,Operational,23/01/2021 19:43
FRIF01,-999.9,-999.9,-999.9,France,Buthiers,DMK 23G445,TL-SG2210P,Pending,31/07/2020 12:00
FRIF02,48.83655,2.336725,88,France,ParisObservatoire,DMK 23G445,TL-SG2210P,Operational,28/01/2021 23:49
FRIF03,48.742632,2.742281,112,France,Uranoscope,DMK 23G445,TL-SG2210P,Operational,29/01/2021 19:01
FRIF04,48.706433,2.179331,174,France,Orsay,DMK 23G445,TL-SG2210P,Production,21/02/2020 22:37
FRIF05,48.843075,2.357177,55,France,ParisMnhn,DMK 23G445,T1500G-10PS,Production,21/11/2020 23:48
FRIF06,48.362668,2.522362,80,France,Levaudoue,DMK 23G445,T1500G-10PS,Operational,29/01/2021 03:18
FRLI01,45.8231,0.819906,250,France,Rochechouart,DMK 23G445,TL-SG2210P,Operational,26/01/2021 06:44
FRLI02,45.16508,1.908838,539,France,SaintBonnetElvert,DMK 23G445,TL-SG2210P,Production,31/07/2020 12:00
FRLI03,45.955477,2.165551,447,France,Aubusson,DMK 23G445,TL-SG2210P,Production,31/07/2020 12:00
FRLO01,48.655893,6.155328,373,France,VandoeuvreLesNancy,BASLER 1300gm,TL-SG2210P,Operational,12/01/2021 16:56
FRLO02,48.185721,6.435744,363,France,Epinal,BASLER 1300gm,TL-SG2210P,Operational,29/01/2021 03:41
FRLO03,49.214166,5.995933,-999.9,France,Homecourt,DMK 23G445,TL-SG2210P,Production,31/07/2020 12:00
FRLR01,43.6326738,3.865524,74,France,Montpellier,DMK 23G445,TL-SG2210P,Operational,29/01/2021 18:48
FRLR02,-999.9,-999.9,-999.9,France,Cailhavel,None,TL-SG2210P,NotOperational,31/07/2020 12:00
FRLR03,43.1635478,2.87381139,85,France,Narbonne,BASLER 1300gm,TL-SG2210P,Moved,31/07/2020 12:00
FRLR04,44.50437,3.73716,1196,France,LeBleymard,BASLER 1300gm,TL-SG2210P,Operational,25/01/2021 20:30
FRLR05,43.161526,2.125917,254,France,Carcassonne,DMK 23G445,TL-SG2210P,Operational,29/01/2021 17:30
FRLR06,42.47742,2.306972,1555,France,Mantet,BASLER 1300gm,TL-SG2210P,Operational,18/01/2021 02:43
FRLR07,43.1635478,2.87381139,85,France,Bizanet,BASLER 1300gm,TL-SG2210P,Operational,28/01/2021 17:26
FRMP01,42.936362,0.1426258,2877,France,Picdumidi,DMK 23G445,TL-SG2210P,Operational,29/01/2021 02:12
FRMP02,43.562164,1.479209,151,France,Toulouse,DMK 23G445,T1500G-10PS,Operational,29/01/2021 18:28
FRMP03,42.7878236,1.300228,1526,France,Guzet,DMK 23G445,TL-SG2210P,Operational,24/01/2021 01:01
FRMP04,43.918671,2.137611,192,France,Albi,DMK 23G445,TL-SG2210P,Production,31/07/2020 12:00
FRMP05,44.45545,1.445918,126,France,Cahors,DMK 23G445,TL-SG2210P,Operational,29/01/2021 19:22
FRMP06,43.919035,0.819706,225,France,Mauroux,BASLER 1300gm,TL-SG2210P,Operational,26/01/2021 06:45
FRMP07,44.364935,2.585813,552,France,Onetlechateau,DMK 23G445,TL-SG2210P,Production,31/07/2020 12:00
FRMP08,-999.9,-999.9,-999.9,France,Gramat,DMK 23G445,TL-SG2210P,Production,31/07/2020 12:00
FRMP99,-999.9,-999.9,-999.9,France,Fripondev,DMK 33GX273,T1500G-10PS,Production,31/07/2020 12:00
FRNO01,49.665715,-1.692611,21,France,Querqueville,BASLER 1300gm,TL-SG2210P,Operational,29/01/2021 04:32
FRNO02,-999.9,-999.9,-999.9,France,Flers,None,TL-SG2210P,NotOperational,31/07/2020 12:00
FRNO03,49.192307,-0.366897,58,France,Caen,DMK 23G445,TL-SG2210P,Production,31/07/2020 12:00
FRNO04,48.185502,0.647542,95,France,LaFerteBernard,DMK 23G445,TL-SG2210P,Operational,29/01/2021 17:33
FRNO05,49.447464,1.100422,50,France,Rouen,DMK 23G445,TL-SG2210P,Operational,29/01/2021 19:37
FRNO06,48.663646,-1.446219,16,France,Vains,DMK 23G445,TL-SG2210P,Production,31/07/2020 12:00
FRNO07,49.630735,-1.727798,180,France,Ludiver,DMK 23G445,T1500G-10PS,Operational,26/01/2021 17:58
FRNP01,50.614975,3.071544,35,France,Lille,BASLER 1300gm,TL-SG2210P,Operational,18/01/2021 19:11
FRNP02,50.996056,2.36659,12,France,CappellelaGrande,DMK 23G445,TL-SG2210P,Production,31/07/2020 12:00
FRNP03,50.76274,1.60585,19,France,Wimereux,DMK 23G445,TL-SG2210P,Operational,29/01/2021 05:09
FRNP04,50.277947,3.987223,145,France,Maubeuge,DMK 23G445,TL-SG2210P,Production,31/07/2020 12:00
FRNP05,50.2875323,2.765306,80,France,Arras,DMK 23G445,TL-SG2210P,Production,31/07/2020 12:00
FRPA01,43.34369,5.436376,130,France,Marseille,DMK 23G445,TL-SG2210P,Operational,28/01/2021 06:17
FRPA02,43.491334,5.333919,184,France,AixEnProvence,BASLER 1300gm,TL-SG2210P,Operational,29/01/2021 18:11
FRPA03,43.93301,5.714722,558,France,OHP,DMK 23G445,TL-SG2210P,Operational,29/01/2021 17:20
FRPA04,44.389977,6.64228,1162,France,Barcelonette,BASLER 1300gm,TL-SG2210P,Operational,29/01/2021 18:54
FRPA05,43.751762,6.924434,1279,France,Caussols,BASLER 1300gm,TL-SG2210P,Operational,29/01/2021 06:18
FRPA06,43.095433,6.112921,240,France,Hyeres,BASLER 1300gm,T1500G-10PS,Operational,29/01/2021 17:15
FRPA07,43.96158343,4.75365827,80,France,Lesangles,BASLER 1300gm,TL-SG2210P,Operational,26/01/2021 06:23
FRPA08,43.642734,5.09818,89,France,SalondeProvence,DMK 23G445,TL-SG2210P,Operational,27/01/2021 18:45
FRPA09,-999.9,-999.9,-999.9,France,SaintVeran,None,TL-SG2210P,NotOperational,31/07/2020 12:00
FRPA10,-999.9,-999.9,-999.9,France,Pytheas,DMK 33GX273,TL-SG2210P,NotOperational,31/07/2020 12:00
FRPC01,-999.9,-999.9,-999.9,France,Poitiers,BASLER 1300gm,TL-SG2210P,Production,31/07/2020 12:00
FRPC02,45.649047,0.16437,100,France,Angouleme,DMK 23G445,TL-SG2210P,Operational,29/01/2021 05:02
FRPC03,45.639012,-1.048922,15,France,Royan,BASLER 1300gm,TL-SG2210P,Operational,17/01/2021 17:24
FRPC04,46.197592,-0.417403,59,France,Marigny,BASLER 1300gm,TL-SG2210P,Production,31/07/2020 12:00
FRPI01,49.898579,2.298894,49,France,Amiens,DMK 23G445,TL-SG2210P,Operational,29/01/2021 19:38
FRPI02,-999.9,-999.9,-999.9,France,Compiegnes,DMK 23G445,TL-SG2210P,Production,31/07/2020 12:00
FRPI04,-999.9,-999.9,-999.9,France,SaintQuentin,DMK 23G445,TL-SG2210P,NotOperational,31/07/2020 12:00
FRPL01,47.238106,-1.554742,26,France,Nantes,DMK 23G445,T1500G-10PS,Operational,28/01/2021 20:40
FRPL02,46.628912,-0.659221,141,France,ChapelleauxLys,BASLER 1300gm,TL-SG2210P,Operational,28/01/2021 20:28
FRPL03,47.482477,-0.600625,58,France,Angers,DMK 23G445,TL-SG2210P,Operational,26/01/2021 03:40
FRPL04,48.081912,-0.782894,103,France,Laval,BASLER 1300gm,TL-SG2210P,Operational,29/01/2021 18:45
FRPL05,48.015681,0.163854,109,France,Lemans,DMK 23G445,TL-SG2210P,Operational,29/01/2021 17:30
FRRA01,45.192599,5.761051,230,France,Grenoble,DMK 23G445,TL-SG2210P,Operational,29/01/2021 18:45
FRRA02,45.779935,4.866197,190,France,Lyon,DMK 23G445,TL-SG2210P,Operational,26/01/2021 06:23
FRRA03,-999.9,-999.9,-999.9,France,Valfrejus,DMK 23G445,DG-108PE,Pending,31/07/2020 12:00
FRRA04,-999.9,-999.9,-999.9,France,Bellevaux,None,TL-SG2210P,NotOperational,31/07/2020 12:00
FRRA05,45.915575,5.626334,867,France,Sutrieu,DMK 23G445,TL-SG2210P,Operational,26/01/2021 18:50
FRRA06,44.621016,4.390887,315,France,Aubenas,DMK 23G445,TL-SG2210P,Production,31/07/2020 12:00
FRRA07,45.996456,4.036814,360,France,Roanne,DMK 23G445,TL-SG2210P,Production,31/07/2020 12:00
FRRA08,36.880495,10.335099,50,France,PicDeBure,DMK 23G445,TL-SG2210P,Production,31/07/2020 12:00
FRRA09,44.883366,4.92375,174,France,Beaumontlesvalence,DMK 33G445,T1500G-10PS,Production,31/07/2020 12:00
FRRA10,45.211726,5.851,225,France,LeVersoud,BASLER 1300gm,TL-SG2210P,Production,31/07/2020 12:00
FRRA11,-999.9,-999.9,-999.9,France,MontDArbois,None,TL-SG2210P,NotOperational,31/07/2020 12:00
FRRE01,-999.9,-999.9,-999.9,France,Maido,None,TL-SG2210P,NotOperational,31/07/2020 12:00
FRRE02,-999.9,-999.9,-999.9,France,LesMakes,None,TL-SG2210P,NotOperational,31/07/2020 12:00
FRRE03,-999.9,-999.9,-999.9,France,Volcan,None,TL-SG2210P,NotOperational,31/07/2020 12:00
GBWL01,51.48611,-3.17787,33,GreatBritain,Cardiff,BASLER 1300gm,TL-SG2210P,Operational,29/01/2021 06:46
ITCL01,38.11931,15.660189,100,Italy,ReggioCalabria,BASLER 1300gm,TL-SG2210P,Production,31/07/2020 12:00
ITCP01,40.862528,14.255361,102,Italy,Napoli,BASLER 1300gm,TL-SG2210P,Production,31/07/2020 12:00
ITCP02,41.121389,14.1751583,30,Italy,Capua,BASLER 1300gm,T1500G-10PS,Operational,29/01/2021 19:20
ITCP03,41.07262,14.33231,14,Italy,Caserta,BASLER 1300gm,T1500G-10PS,Production,21/02/2020 20:54
ITCP04,41.063718,14.645457,-999.9,Italy,Montesarchio,BASLER 1300gm,TL-SG2210P,Production,31/07/2020 12:00
ITER01,44.256571,11.331773,787,Italy,Loiano,BASLER 1300gm,TL-SG2210P,Operational,12/01/2021 06:11
ITER02,44.08966,12.392745,100,Italy,Savignano,BASLER 1300gm,TL-SG2210P,Production,21/01/2020 20:09
ITER03,44.524383,11.644608,35,Italy,Medicina,BASLER 1300gm,TL-SG2210P,Operational,29/01/2021 01:47
ITER04,44.507693,9.632487,550,Italy,Bedonia,BASLER 1300gm,TL-SG2210P,Operational,29/01/2021 17:01
ITER05,45.035376,9.72503,77,Italy,Piacenza,BASLER 1300gm,TL-SG2210P,Production,31/07/2020 12:00
ITER06,44.59100278,10.65759722,153,Italy,Scandiano,BASLER 1300gm,TL-SG2210P,Operational,29/01/2021 18:25
ITER07,44.138456,11.635978,765,Italy,Monteromano,BASLER 1300gm,T1500G-10PS,Operational,29/01/2021 17:01
ITER08,44.41,12.2,7,Italy,Ravenna,None,TL-SG2210P,Operational,28/01/2021 20:20
ITFV01,45.642691,13.875086,412,Italy,Trieste,BASLER 1300gm,TL-SG2210P,Operational,27/01/2021 01:16
ITFV02,45.86186,12.77894,10,Unknown,Chions,Unknown,Unknown,Operational,08/01/2021 16:25
ITLA01,41.83867,12.64638,50,Italy,Roma,BASLER 1300gm,TL-SG2210P,Operational,29/01/2021 19:28
ITLA02,41.3921,13.636,810,Italy,Gorga,BASLER 1300gm,TL-SG2210P,Production,31/07/2020 12:00
ITLI01,44.425473,8.936114,310,Italy,Genova,BASLER 1300gm,TL-SG2210P,Operational,29/12/2020 06:21
ITLI02,44.17827,8.32745,35,Italy,FinaleLigure,BASLER 1300gm,TL-SG2210P,Operational,29/01/2021 19:00
ITLO01,45.718831,9.582623,295,Italy,BrembatediSopra,BASLER 1300gm,T1500G-10PS,Operational,29/01/2021 18:54
ITLO02,45.883,9.2285806,1131,Italy,Sormano,BASLER 1300gm,TL-SG2210P,Operational,28/01/2021 19:55
ITLO03,44.81446,9.078854,670,Italy,Cecima,BASLER 1300gm,TL-SG2210P,Operational,25/01/2021 17:35
ITLO04,45.7058333,9.4286111,345,Italy,Merate,BASLER 1300gm,T1500G-10PS,Operational,10/01/2021 05:07
ITLO05,46.190379,9.981636,1207,Italy,Pontevaltellina,BASLER 1300gm,T1500G-10PS,Operational,28/01/2021 22:51
ITMA01,43.1463,13.067126,670,Italy,Camerino,BASLER 1300gm,T1500G-10PS,Operational,25/01/2021 05:08
ITMA02,43.301529,13.731111,20,Italy,CivitanovaMarche,None,TL-SG2210P,Operational,29/01/2021 00:58
ITPI01,45.04124,7.764939,620,Italy,PinoTorinese,DMK 23G445,TL-SG2210P,Operational,31/12/2020 16:37
ITPI02,44.384776,7.540082,559,Italy,Cuneo,BASLER 1300gm,TL-SG2210P,Operational,29/01/2021 17:12
ITPI03,44.912736,8.437167,122,Italy,Felizzano,BASLER 1300gm,TL-SG2210P,Operational,28/01/2021 06:14
ITPI04,44.827685,7.258267,571,Italy,LusernaSanGiovanni,BASLER 1300gm,TL-SG2210P,Operational,19/01/2021 01:18
ITPI05,44.92383333,8.61819444,107,Italy,Alessandria,BASLER 1300gm,TL-SG2210P,Operational,29/01/2021 17:05
ITPI06,44.61107,7.94396,315,Italy,Barolo,BASLER 1300gm,T1500G-10PS,Operational,26/01/2021 06:16
ITPU01,40.875611,17.147777,312,Italy,CastellanaGrotte,BASLER 1300gm,TL-SG2210P,Operational,29/01/2021 19:09
ITPU02,40.335278,18.111235,23,Italy,Lecce,BASLER 1300gm,T1500G-10PS,Operational,27/01/2021 00:20
ITPU03,39.923622,18.366199,94,Italy,Tricase,BASLER 1300gm,T1500G-10PS,Operational,28/01/2021 05:20
ITSA01,39.28195,9.13076,20,Italy,SardiniaRadioTelescope,BASLER 1300gm,T1500G-10PS,Operational,29/01/2021 17:11
ITSA02,40.582454,8.732134,-999.9,Italy,Siligo,None,TL-SG2210P,NotOperational,31/07/2020 12:00
ITSI01,37.939684,14.021338,580,Italy,Isnello,BASLER 1300gm,TL-SG2210P,Operational,27/01/2021 05:20
ITSI02,38.187283,13.299417,35,Italy,Palermo,BASLER 1300gm,T1500G-10PS,Operational,28/01/2021 04:07
ITSI03,37.691831,14.978864,1725,Italy,SerraLaNave,BASLER 1300gm,T1500G-10PS,Operational,29/01/2021 05:37
ITTA01,46.06474001,11.14333474,-999.9,Italy,Trento,BASLER 1300gm,TL-SG2210P,NotOperational,31/07/2020 12:00
ITTA02,-999.9,-999.9,-999.9,Italy,Rovereto,None,TL-SG2210P,NotOperational,31/07/2020 12:00
ITTO01,44.064155,10.80385,1000,Italy,SanMarcelloPistoiese,BASLER 1300gm,TL-SG2210P,Operational,28/01/2021 06:01
ITTO02,43.6832,10.491633,15,Italy,Navacchio,BASLER 1300gm,TL-SG2210P,Operational,27/01/2021 06:05
ITTO03,43.75059,11.254372,100,Italy,Arcetri,BASLER 1300gm,T1500G-10PS,Operational,27/01/2021 16:49
ITTO04,43.755337,11.043198,210,Italy,MontelupoFiorentino,BASLER 1300gm,T1500G-10PS,Operational,27/01/2021 16:57
ITTO05,43.523099,11.244836,455,Italy,Chianti,BASLER 1300gm,T1500G-10PS,Operational,27/01/2021 16:52
ITTO06,42.932873,10.498144,100,Italy,Piombino,BASLER 1300gm,T1500G-10PS,Operational,29/01/2021 18:16
ITTO07,-999.9,-999.9,-999.9,Italy,Radicofani,None,TL-SG2210P,NotOperational,31/07/2020 12:00
ITUM01,43.131943,12.319722,644,Italy,Perugia,None,TL-SG2210P,Operational,19/01/2021 05:44
ITUM02,42.5323056,12.3864722,350,Unknown,Amelia,Unknown,Unknown,Operational,27/01/2021 16:49
ITVA01,45.7898611,7.4783333,1678,Italy,Lignan,BASLER 1300gm,TL-SG2210P,Operational,27/01/2021 01:45
ITVE01,45.4019454,11.86854083,64,Italy,Padova,BASLER 1300gm,TL-SG2210P,Operational,21/01/2020 21:50
ITVE02,45.081666,11.795048,15,Italy,Rovigo,BASLER 1300gm,TL-SG2210P,Operational,29/01/2021 02:48
ITVE03,45.84917,11.56819,1365,Italy,Asiago,BASLER 1300gm,TL-SG2210P,Operational,28/01/2021 16:49
ITVE04,46.28432,12.03132,600,Italy,Agordo,BASLER 1300gm,T1500G-10PS,Production,31/07/2020 12:00
ITVE05,45.558383,11.534934,39,Italy,Vicenza,BASLER 1300gm,T1500G-10PS,Operational,29/01/2021 16:47
MAMA01,31.20616,-7.866467,2725,Morocco,Marrakesh,BASLER 1300gm,T1500G-10PS,Pending,31/07/2020 12:00
MXBC01,-999.9,-999.9,-999.9,Mexico,SanPedroMartir,BASLER 1300gm,T1500G-10PS,NotOperational,31/07/2020 12:00
MXBC02,-999.9,-999.9,-999.9,Mexico,Ensenada,None,TL-SG2210P,NotOperational,31/07/2020 12:00
NLEN01,52.414965,6.965788,27,Netherlands,Denekamp,BASLER 1300gm,TL-SG2210P,Operational,27/01/2021 01:00
NLNN01,53.2494583,6.5256694,21,Netherlands,Groningen,DMK 23G445,TL-SG2210P,Operational,26/01/2021 20:28
NLNN02,-999.9,-999.9,-999.9,Netherlands,Dwingeloo,None,TL-SG2210P,NotOperational,31/07/2020 12:00
NLWN01,52.21875278,4.41840278,25,Netherlands,Noordwijk,DMK 23G445,TL-SG2210P,Operational,29/01/2021 17:07
NLWN02,51.57192,3.53767,4,Netherlands,Oostkapelle,BASLER 1300gm,TL-SG2210P,Operational,25/01/2021 17:05
ROBC01,46.565651,26.904388,300,Unknown,Bacau,Unknown,Unknown,Operational,29/01/2021 17:58
ROIF01,44.414,26.0963125,85,Romania,Bucuresti,DMK 23G445,TL-SG2210P,Operational,28/01/2021 04:20
ROIS01,47.054722,27.2525,250,Unknown,Madarjac,Unknown,Unknown,Operational,24/01/2021 22:09
TNTU01,36.880492,10.335108,20,Tunisia,LaMarsa,DMK 23G445,TL-SG2210P,Production,31/07/2020 12:00
VAVA01,-999.9,-999.9,-999.9,= All =,Vatican,None,TL-SG2210P,NotOperational,31/07/2020 12:00
